cruise_line,ship_name,sailing_dates,voyage_number,causative_agent,cases_passengers,cases_crew,source_page
Princess Cruises,Caribbean Princess,4/28/2026 – 5/11/2026,,Norovirus,,,current_2026
Oceania Cruises,Insignia,4/7/2026 – 4/14/2026,,E. coli,,,current_2026
Princess Cruises,Star Princess,3/7/2026 – 3/14/2026,,Norovirus,,,current_2026
Regent Seven Seas,Seven Seas Mariner,1/11/2026 – 2/1/2026,,E. coli,,,current_2026
Holland America Line,Rotterdam,12/28/2025 – 1/9/2026,,Norovirus,,,earlier_2023_2025
Celebrity Cruises,Celebrity Eclipse,12/20/2025 – 12/28/2025,,Norovirus,,,earlier_2023_2025
Aida Cruises,AIDAdiva,11/10/2025 – 12/16/2025,,Norovirus,,,earlier_2023_2025
Oceania Cruises,Oceania Insignia,10/16/2025 – 10/27/2025,,Norovirus,,,earlier_2023_2025
Royal Caribbean International,Serenade of the Seas,9/19/2025 – 10/2/2025,,Norovirus,,,earlier_2023_2025
Royal Caribbean International,Navigator of the Seas,7/4/2025 – 7/11/2025,,Norovirus,,,earlier_2023_2025
Regent Seven Seas,Seven Seas Explorer,4/26/2025 – 5/14/2025,,Unknown,,,earlier_2023_2025
Holland America Line,Eurodam,4/12/2025-5/3/2025,,Norovirus,,,earlier_2023_2025
Holland America Line,Zuiderdam,1/4/2025-5/9/2025,,Unknown,,,earlier_2023_2025
Lindblad Expeditions,National Geographic Sea Lion,4/15/2025-4/29/2025,,Unknown,,,earlier_2023_2025
Viking Expedition Operations,Viking Polaris,4/11/2025-4/23/2025,,Norovirus,,,earlier_2023_2025
Seabourn Cruise Line,Seabourn Encore,3/16/2025-4/9/2025,,Norovirus,,,earlier_2023_2025
Cunard Line,Queen Mary 2,3/8/2025-4/6/2025,,Norovirus,,,earlier_2023_2025
Holland America Line,Rotterdam,3/7/2025-3/16/2025,,Norovirus,,,earlier_2023_2025
Princess Cruises,Coral Princess,2/21/2025-3/9/2025,,Norovirus,,,earlier_2023_2025
Holland America Line,Eurodam,2/19/2025-3/1/2025,,Norovirus,,,earlier_2023_2025
Holland America Line,Rotterdam,2/2/2025-2/14/2025,,Norovirus,,,earlier_2023_2025
Royal Caribbean International,Radiance of the Seas,2/1/2025-2/8/2025,,Norovirus,,,earlier_2023_2025
Princess Cruises,Coral Princess,1/20/2025-2/5/2025,,Norovirus,,,earlier_2023_2025
Viking Ocean Cruises II Ltd.,Viking Mars,1/10/2025-1/24/2025,,Norovirus,,,earlier_2023_2025
Holland America Line,Volendam,1/4/2025-1/25/2025,,Norovirus,,,earlier_2023_2025
Silversea Cruises,Silver Ray,1/4/2025-1/20/2025,,E. coli,,,earlier_2023_2025
Sea Cloud Cruises,Sea Cloud Spirit,1/4/2025-1/10/2025,,Ciguatera (presumed),,,earlier_2023_2025
Holland America Line,Eurodam,12/30/2024-1/8/2025,EU241230,Norovirus,"109 of 2,139 (5.1%)",13 of 832 (1.6%),earlier_2023_2025
Oceania Cruises,Oceania Nautica,12/23/2024-1/8/2025,NAU241223,Norovirus,18 of 639 (2.8%),20 of 398 (5.0%),earlier_2023_2025
Cunard Line,Queen Mary 2,12/21/2024-1/3/2025,M501,Norovirus,"346 of 2,565 (13.5%)","71 of 1,233 (5.8%)",earlier_2023_2025
Cunard Line,Queen Mary 2,"12/14-12/21, 2024",M440,Norovirus,"138 of 2,430 (5.7%)","12 of 1,237 (1.0%)",earlier_2023_2025
Holland America Line,Rotterdam,"12/8-12/20, 2024",RN241208,Norovirus,"127 of 2,192 (5.8%)",16 of 953 (1.7%),earlier_2023_2025
Princess Cruises,Ruby Princess,"12/2-12/18, 2024",R440,Norovirus,"103 of 3,001 (3.43%)","12 of 1,142 (1.05%)",earlier_2023_2025
Holland America Line,Zuiderdam,"12/4-12/14, 2024",ZU241204,Norovirus,"87 of 1,923 (4.52%)",4 of 757 (0.5%),earlier_2023_2025
Princess Cruises,Coral Princess,"10/17-11/17, 2024",6417,Norovirus,"69 of 1,822 (3.79%)",22 of 907 (2.43%),earlier_2023_2025
Royal Caribbean International,Radiance of the Seas,"9/20-9/27, 2024",20118,Salmonella,"180 of 2,172 (8.29%)",3 of 894 (0.34%),earlier_2023_2025
P&O Cruises,Arcadia,"9/3-10/3, 2024",J415,Norovirus,"128 of 1,959 (5.57%)",19 of 799 (2.41%),earlier_2023_2025
Celebrity Cruises,Celebrity Summit,"5/24-5/31, 2024",58044,Norovirus,"72 of 2,264 (3.18%)",6 of 943 (0.64%),earlier_2023_2025
Royal Caribbean Cruise Line,Allure of the Seas,"5/20-5/24, 2024",31795,Unknown,"121 of 6,364 (1.90%)","3 of 2,143 (0.14%)",earlier_2023_2025
Princess Cruises,Sapphire Princess,"4/5-5/7, 2024",H408,Norovirus,"123 of 2,532 (4.86%)","30 of 1,066 (2.81%)",earlier_2023_2025
Royal Caribbean International,Radiance of the Seas,"4/8-4/22, 2024",20095,Norovirus,"67 of 1,993 (3.36%)",2 of 924 (0.22%),earlier_2023_2025
Silversea Cruises,Silver Nova,"3/31-4/16, 2024",SN240331016,E. coli,28 of 633 (4.42%),1 of 538 (0.19%),earlier_2023_2025
Holland America Line,Koningsdam,"2/17-3/24, 2024",286,Norovirus,"104 of 2,522 (4.12%)",17 of 961 (1.77%),earlier_2023_2025
Cunard Line,Queen Victoria,"1/22-2/6, 2024",V405,Norovirus,"129 of 1,824 (7.07%)",25 of 967 (2.59%),earlier_2023_2025
Celebrity Cruises,Celebrity Constellation,"1/3–1/12, 2024",59781,Norovirus,"92 of 2,056 (4.47%)",8 of 948 (0.84%),earlier_2023_2025
Virgin Voyages,Scarlet Lady,"10/8-10/13, 2023",10000687,SalmonellaandE. coli,"71 of 2,198 (3.23%)","7 of 1,163 (0.60%)",earlier_2023_2025
Viking Cruises,Viking Neptune,"6/6-6/20, 2023",10005092,Norovirus,110 of 838 (13.1%),9 of 455 (1.98%),earlier_2023_2025
Celebrity Cruises,Celebrity Summit,"5/15-5/25, 2023",58978,Norovirus,"152 of 2,144 (7.09%)",25 of 963 (2.60%),earlier_2023_2025
Holland America,Nieuw Amsterdam,"5/6-5/21, 2023",539,Norovirus,"246 of 1,971 (12.4%)",38 of 826 (4.60%),earlier_2023_2025
Princess Cruises,Grand Princess,"3/31-4/28, 2023",AP311,Norovirus,"99 of 1,727 (5.73%)","32 of 1,089 (2.94%)",earlier_2023_2025
Princess Cruises,Emerald Princess,"3/17-4/1, 2023",EP307,Norovirus,"99 of 2,123 (4.66%)","21 of 1,192 (1.76%)",earlier_2023_2025
Royal Caribbean International,Enchantment of the Seas,"3/23-3/31, 2023",16812,Norovirus,"117 of 2,362 (5.0%)",20 of 917 (2.18%),earlier_2023_2025
Royal Caribbean International,Enchantment of the Seas,"3/11-3/23, 2023",16811,Norovirus,"155 of 2,148 (7.22%)",10 of 880 (1.14%),earlier_2023_2025
Celebrity Cruises,Celebrity Equinox,"3/9-3/18, 2023",63524,Norovirus,"122 of 2,579 (4.7%)","14 of 1,222 (1.1%)",earlier_2023_2025
Celebrity Cruises,Celebrity Constellation,"3/6-3/17, 2023",59750,Norovirus,"87 of 2,062 (4.2%)",10 of 960 (1.04%),earlier_2023_2025
Princess Cruises,Ruby Princess,"2/26-3/5, 2023",RU305P,Norovirus,"284 of 2,881 (9.9%)","34 of 1,159 (2.9%)",earlier_2023_2025
Royal Caribbean International,Jewel of the Seas,"1/28-2/3, 2023",852,Norovirus,"68 of 2,185 (3.11%)",1 of 865 (0.12%),earlier_2023_2025
Royal Caribbean International,Brilliance of the Seas,"1/16-1/21, 2023",22948,Norovirus,"70 of 2,160 (3.24%)",8 of 838 (0.95%),earlier_2023_2025
P&O Cruises,Arcadia,"1/3-4/13, 2023",J301,Norovirus,"88 of 1,752 (5.02%)",20 of 815 (2.45%),earlier_2023_2025
P&O Cruises,Arcadia,12/29/2022-1/3/2023,,Norovirus,,,archive_2019_2022
Silversea Cruises,Silver Moon,12/21/2022-1/6/2023,,Unknown,,,archive_2019_2022
Carnival Cruise Line,Carnival Splendor,5/24/2022-5/31/2022,,Norovirus,,,archive_2019_2022
Seabourn Cruise Lines,Seabourn Odyssey,4/28/2022-5/19/2022,,Unknown,,,archive_2019_2022
Viking Cruises,Viking Sea,11/29/2021-12/13/2021,,VibrioandE. coli,,,archive_2019_2022
Royal Caribbean International,Grandeur of the Seas,3/7/2020-3/19/2020,,Norovirus,,,archive_2019_2022
Holland America Line,Westerdam,3/1/2020-3/16/2020,,Unknown,,,archive_2019_2022
Princess Cruises,Caribbean Princess,2/16/2020-3/1/2020,,Norovirus,,,archive_2019_2022
Princess Cruises,Caribbean Princess,2/2/2020-2/16/2020,,Norovirus,,,archive_2019_2022
Norwegian Cruise Line,Norwegian Joy,11/8/2019-11/24/2019,,Unknown,,,archive_2019_2022
Aida Cruises,AIDAdiva,10/3/2019-11/13/2019,,Norovirus,,,archive_2019_2022
Aida Cruises,AIDAluna,9/28/2019-10/12/2019,,Norovirus,,,archive_2019_2022
Aida Cruises,AIDAdiva,9/5/2019-11/23/2019,,Norovirus,,,archive_2019_2022
Carnival Cruise Line,Conquest,9/7/2019-9/14/2019,,Norovirus,,,archive_2019_2022
Oceania Cruises,Oceania Marina,3/18/2019-4/5/2019,,Unknown,,,archive_2019_2022
Princess Cruises,Island Princess,2/8/2019-2/18/2019,,Norovirus,,,archive_2019_2022
Viking Ocean Cruises,Viking Star,2/7/2019-2/14/2019,,Norovirus,,,archive_2019_2022
Viking Ocean Cruises,Viking Sea,1/18/2019-1/28/2019,,Norovirus,,,archive_2019_2022
Royal Caribbean International,Oasis of the Seas,1/6/2019-1/13/2019,,Norovirus,,,archive_2019_2022
Viking Ocean Cruises,Viking Star,12/13/2018-1/3/2019,,Rotavirus,,,archive_1993_2018
Crystal Cruises,Crystal Symphony,11/8/2018-12/2/2018,,Norovirus,,,archive_1993_2018
Holland America Line,Volendam,11/3/2018-11/18/2018,,Norovirus,,,archive_1993_2018
V. Ships Leisure U.S.A.,Pearl Mist,9/1/2018-9/12/2018,,Unknown,,,archive_1993_2018
Regent Seven Seas Cruises,Seven Seas Mariner,6/20/2018-6/30/2018,,Unknown,,,archive_1993_2018
Holland America Line,Zaandam,6/18/2018-7/2/2018,,Unknown,,,archive_1993_2018
Silversea Cruises,Silver Shadow,5/10/2018-5/24/2018,,Norovirus,,,archive_1993_2018
Celebrity Cruises,Celebrity Infinity,4/17/2018-5/2/2018,,Norovirus,,,archive_1993_2018
Cunard Line,Queen Victoria,2/21/2018-3/9/2018,,EnterotoxigenicE. coli(ETEC),,,archive_1993_2018
Azamara Club Cruises,Azamara Quest,1/25/2018-2/8/2018,,Unknown,,,archive_1993_2018
Princess Cruises,Island Princess,1/9/2018-1/24/2018,,Norovirus andCampylobacter,,,archive_1993_2018
Royal Caribbean,Independence of the Seas,12/11/2017-12/16/2017,,Norovirus,,,archive_1993_2018
Celebrity Cruises,Celebrity Reflection,11/17/2017-11/27/2017,,Norovirus,,,archive_1993_2018
Princess Cruises,Crown Princess,10/25/2017-11/8/2017,,C. perfringensenterotoxin,,,archive_1993_2018
Lindblad Expeditions,National Geographic Sea Bird,9/26/2017-10/2/2017,,Unknown,,,archive_1993_2018
Holland America Line,Noordam,7/30/2017-8/6/2017,,Norovirus,,,archive_1993_2018
Holland America Line,Nieuw Amsterdam,7/22/2017-7/29/2017,,Norovirus,,,archive_1993_2018
Holland America Line,Noordam,7/23/2017-7/30/2017,,Norovirus,,,archive_1993_2018
Holland America Line,Volendam,7/19/2017-7/26/2017,,Norovirus,,,archive_1993_2018
Holland America Line,Volendam,7/12/2017-7/19/2017,,Norovirus,,,archive_1993_2018
Oceania Cruises,Regatta,3/29/2017-4/14/2017,,Norovirus,,,archive_1993_2018
Princess Cruises,Coral Princess,3/8/2017-3/18/2017,,Norovirus,,,archive_1993_2018
Holland America Line,Oosterdam,11/3/2016-11/18/2016,,Norovirus,,,archive_1993_2018
P&O Cruises,Adonia,10/16/2016-10/23/2016,,Unknown,,,archive_1993_2018
Disney Cruise Line,Disney Wonder,4/27/2016-5/1/2016,,Norovirus,,,archive_1993_2018
Fred Olsen Cruises,Balmoral,4/16/2016-5/20/2016,,Norovirus,,,archive_1993_2018
Oceania Cruises,Oceania Riviera,3/20/2016-4/2/2016,,Norovirus,,,archive_1993_2018
Norwegian Cruise Line,Norwegian Gem,3/12/2016-3/22/2016,,Norovirus,,,archive_1993_2018
Silversea Cruises,Silver Spirit,3/3/2016-3/21/2016,,EnterotoxigenicE. coli(ETEC),,,archive_1993_2018
Carnival Cruise Line,Carnival Sunshine,2/21/2016-3/5/2016,,Norovirus,,,archive_1993_2018
Royal Caribbean Cruise Line,Anthem of the Seas,2/21/2016-3/4/2016,,Norovirus,,,archive_1993_2018
Princess Cruises,Ocean Princess,2/13/2016-3/7/2016,,Norovirus and EnterotoxigenicE. coli(ETEC),,,archive_1993_2018
Oceania Cruises,Oceania Riviera,2/12/2016-2/22/2016,,Norovirus,,,archive_1993_2018
Oceania Cruises,Oceania Riviera,2/2/2016-2/12/2016,,Norovirus,,,archive_1993_2018
Princess Cruises,Crown Princess,1/8/2016-1/18/2016,,Norovirus,,,archive_1993_2018
Holland America Line,Veendam,12/20/2015-12/27/2015,,Norovirus,,,archive_1993_2018
Princess Cruises,Caribbean Princess,12/13/2015-12/20/2015,,Norovirus,,,archive_1993_2018
Oceania Cruises,Oceania Riviera,11/18/2015-12/2/2015,,Norovirus,,,archive_1993_2018
Princess Cruises,Star Princess,4/29/2015-5/14/2015,,Norovirus,,,archive_1993_2018
Oceania Cruises,Oceania Marina,4/21/2015-5/7/2015,,Norovirus,,,archive_1993_2018
Holland America Line,ms Maasdam,4/17/2015-5/1/2015,,Norovirus,,,archive_1993_2018
Princess Cruises,Coral Princess,4/12/2015-4/27/2015,,Norovirus,,,archive_1993_2018
Royal Caribbean Cruise Line,Legend of the Seas,3/30/2015-4/14/2015,,Norovirus,,,archive_1993_2018
Celebrity Cruises,Celebrity Infinity,3/29/2015-4/13/2015,,Norovirus,,,archive_1993_2018
Norwegian Cruise Line,Norwegian Pearl,3/26/2015-4/6/2015,,Norovirus,,,archive_1993_2018
Celebrity Cruises,Celebrity Equinox,2/13/2015-2/23/2015,,Norovirus,,,archive_1993_2018
Royal Caribbean Cruise Line,Grandeur of the Seas,1/24/2015-2/3/2015,,Norovirus,,,archive_1993_2018
Princess Cruises,Crown Princess,10/18/2014-11/16/2014,,Norovirus,,,archive_1993_2018
Princess Cruises,Crown Princess,4/5/2014-4/12/2014,,Norovirus and EnterotoxigenicE. coli(ETEC),,,archive_1993_2018
Royal Caribbean Cruise Line,Grandeur of the Seas,4/5/2014-4/12/2014,,Norovirus,,,archive_1993_2018
Royal Caribbean Cruise Line,Grandeur of the Seas,3/28/2014-4/5/2014,,Norovirus,,,archive_1993_2018
Holland America Line,ms Maasdam,3/2/2014-3/28/2014,,Unknown,,,archive_1993_2018
Holland America Line,ms Veendam,2/8/2014-2/22/2014,,Norovirus,,,archive_1993_2018
Princess Cruises,Caribbean Princess,1/25/2014-2/1/2014,,Norovirus,,,archive_1993_2018
Royal Caribbean Cruise Line,Explorer of the Seas,1/21/2014-1/31/2014,,Norovirus,,,archive_1993_2018
Norwegian Cruise Line,Norwegian Star,1/5/2014-1/19/2014,,Norovirus,,,archive_1993_2018
Norwegian Cruise Line,Norwegian Gem,11/16/2013-11/25/2013,,Norovirus,,,archive_1993_2018
Celebrity Cruise Lines,Celebrity Summit,9/21/2013-10/5/2013,,Norovirus,,,archive_1993_2018
Celebrity Cruise Lines,Celebrity Millennium,04/25/2013-05/10/2013,,Norovirus,,,archive_1993_2018
Crystal Cruises,Crystal Symphony,04/29/2013-05/06/2013,,Norovirus,,,archive_1993_2018
Holland America Line,Veendam,04/13/2013-05/04/2013,,Enterotoxigenic E. coli(ETEC),,,archive_1993_2018
Celebrity Cruises,Celebrity Solstice,04/08/2013-04/25/2013,,Norovirus,,,archive_1993_2018
Celebrity Cruises,Celebrity Infinity,03/17/2013-04/01/2013,,Norovirus,,,archive_1993_2018
Princess Cruises,Ruby Princess,03/03/2013-03/10/2013,,Norovirus,,,archive_1993_2018
Royal Caribbean Cruise Line,Vision of the Seas,02/25/2013-03/08/2013,,Norovirus,,,archive_1993_2018
Cunard Line,Queen Mary 2,12/22/2012-01/03/2013,,Norovirus,,,archive_1993_2018
Princess Cruises,Emerald Princess,12/17/2012-12/27/2012,,Norovirus,,,archive_1993_2018
Prestige Cruise Holdings,Oceania Riviera,11/15/2012-11/29/2012,,Norovirus,,,archive_1993_2018
Holland America Line,Amsterdam,11/11/2012-12/5/2012,,Norovirus,,,archive_1993_2018
Princess Cruises,Ruby Princess,10/09/2012-10/28/2012,,Norovirus andEnterotoxigenic E. coli(ETEC),,,archive_1993_2018
Princess Cruises,Dawn Princess,08/21/2012-09/13/2012,,Norovirus,,,archive_1993_2018
Royal Caribbean Cruise Line,Rhapsody of the Seas,08/24/2012-08/31/2012,,Norovirus,,,archive_1993_2018
Carnival Cruise Line,Carnival Glory,08/06/2012-08/11/2012,,Norovirus,,,archive_1993_2018
Princess Cruises,Sun Princess,07/08/2012-07/21/2012,,Norovirus,,,archive_1993_2018
Princess Cruises,Ruby Princess,02/26/2012-03/04/2012,,Norovirus,,,archive_1993_2018
Princess Cruises,Crown Princess,02/04/2012-02/09/2012,,Norovirus,,,archive_1993_2018
Celebrity Cruises,Celebrity Silhouette,01/29/2012-02/10/2012,,Norovirus,,,archive_1993_2018
Celebrity Cruises,Celebrity Constellation,01/28/2012-02/11/2012,,Norovirus,,,archive_1993_2018
Princess Cruises,Crown Princess,01/28/2012-02/04/2012,,Norovirus,,,archive_1993_2018
P & O Cruises,Aurora,01/04/2012-01/26/2012,,Norovirus,,,archive_1993_2018
Royal Caribbean Cruise Line,Voyager of the Seas,01/28/2012-02/04/2012,,Norovirus,,,archive_1993_2018
Holland America Line,ms Maasdam,12/23/2011–01/02/2012,,Norovirus,,,archive_1993_2018
Norwegian Cruise Line,Norwegian Spirit,12/18/2011–12/25/2011,,Norovirus,,,archive_1993_2018
Holland America Line,Ryndam,12/11/2011–12/18/2011,,Norovirus,,,archive_1993_2018
Celebrity Cruises,Celebrity Solstice,11/28/2011–12/11/2011,,Norovirus,,,archive_1993_2018
Holland America Line,Ryndam,11/03/2011–11/20/2011,,Norovirus,,,archive_1993_2018
Princess Cruises,Sea Princess,05/30/2011-06/09/2011,,Norovirus,,,archive_1993_2018
Lindblad Expeditions,National Geographic Sea Lion,05/21/2011-05/28/2011,,Unknown,,,archive_1993_2018
Princess Cruises,Sea Princess,05/20/2011-05/30/2011,,Norovirus,,,archive_1993_2018
Celebrity Cruises,Celebrity Millennium,05/20/2011-05/27/2011,,Unknown,,,archive_1993_2018
Princess Cruises,Coral Princess,05/04/2011-05/19/2011,,Norovirus,,,archive_1993_2018
Princess Cruises,Coral Princess,04/24/2011-05/04/2011,,EnterotoxigenicE. coli(ETEC),,,archive_1993_2018
Oceania Cruises,MV Marina,02/26/2011-03/15/2011,,EnterotoxigenicE. coli(ETEC),,,archive_1993_2018
Celebrity Cruises,Celebrity Solstice,01/30/2011-02/06/2011,,Norovirus,,,archive_1993_2018
Royal Caribbean Cruise Line,Radiance of the Seas,01/03/2011-01/08/2011,,Norovirus,,,archive_1993_2018
Cunard Line,Queen Mary 2,12/19/2010-01/03/2011,,Unknown,,,archive_1993_2018
Crystal Cruises,Crystal Symphony,11/02/2010-11/21/2010,,Unknown,,,archive_1993_2018
Holland America Line,Nieuw Amsterdam,10/18/2010-11/07/2010,,Norovirus,,,archive_1993_2018
Carnival Cruise Lines,Carnival Glory,10/09/2010-10/16/2010,,Norovirus,,,archive_1993_2018
Holland America Line,Zuiderdam,04/20/2010-05/08/2010,,Unknown,,,archive_1993_2018
Celebrity Cruises,Mercury,03/08/2010-03/19/2010,,Norovirus,,,archive_1993_2018
Celebrity Cruises,Mercury,02/26/2010-03/08/2010,,Norovirus,,,archive_1993_2018
Royal Caribbean International,Jewel of the Seas,02/22/2010-03/05/2010,,Unknown,,,archive_1993_2018
Celebrity Cruises,Millennium,02/22/2010-03/05/2010,,Norovirus,,,archive_1993_2018
Holland America Line,Maasdam,02/19/2010-03/05/2010,,Norovirus,,,archive_1993_2018
Celebrity Cruises,Mercury,02/15/2010-02/26/2010,,Norovirus,,,archive_1993_2018
Fred Olsen Cruise Lines,Balmoral,01/05/2010-02/04/2010,,Unknown,,,archive_1993_2018
Cunard Cruise Line,Queen Victoria,01/12/2010-01/27/2010,,Unknown,,,archive_1993_2018
Cunard Cruise Line,Queen Victoria,01/04/2010-01/12/2010,,Norovirus,,,archive_1993_2018
Holland America Line,Amsterdam,12/02/2009-12/23/2009,,Norovirus,,,archive_1993_2018
Regent Seven Seas Cruises,Seven Seas Mariner,12/02/2009-12/20/2009,,Norovirus,,,archive_1993_2018
Norwegian Cruise Line,Norwegian Spirit,10/23/2009-11/08/2009,,Norovirus,,,archive_1993_2018
Holland America Line,Noordam,10/16/2009-11/1/2009,,Norovirus,,,archive_1993_2018
Holland America Line,Amsterdam,5/23/2009-5/30/2009,,Unknown,,,archive_1993_2018
Princess Cruises,Coral Princess,5/18/2009-5/25/2009,,Unknown,,,archive_1993_2018
Princess Cruises,Island Princess,4/23/2009-5/07/2009,,Shigella sonneiand EnterotoxigenicE. coli(ETEC),,,archive_1993_2018
Carnival Cruise Line,Carnival Liberty,4/18/2009-4/25/2009,,Norovirus,,,archive_1993_2018
Holland America Line,Amsterdam,4/2/2009-4/24/2009,,Cyclospora cayetanensis,,,archive_1993_2018
Celebrity Cruises,Celebrity Mercury,2/28/2009-3/15/2009,,Norovirus,,,archive_1993_2018
Holland America Line,Oosterdam,2/21/2009-2/28/2009,,Norovirus,,,archive_1993_2018
Holland America Line,Zaandam,2/5/2009-2/20/2009,,Norovirus,,,archive_1993_2018
Princess Cruises,Coral Princess,2/3/2009-2/13/2009,,Norovirus,,,archive_1993_2018
Celebrity Cruises,Celebrity Mercury,1/3/2009-1/17/2009,,Norovirus,,,archive_1993_2018
Holland America Line,Maasdam,1/2/2009-1/9/2009,,Unknown,,,archive_1993_2018
Holland America Line,Zuiderdam,10/23/2008-11/09/2008,,Norovirus,,,archive_1993_2018
Princess Cruises,Caribbean Princess,10/19/2008-10/26/2008,,Norovirus,,,archive_1993_2018
Norwegian Cruise Line,Norwegian Jewel,10/8/2008-10/18/2008,,Norovirus,,,archive_1993_2018
American Canadian Cruise Line,Grande Caribe,9/30/2008-10/12/2008,,Norovirus,,,archive_1993_2018
Norwegian Cruise Line,Norwegian Jewel,9/28/2008-10/8/2008,,Norovirus,,,archive_1993_2018
Regent Seven Seas Cruises,Seven Seas Mariner,8/27/2008-9/3/2008,,Norovirus,,,archive_1993_2018
Holland America Line,Veendam,6/13/2008-6/20/2008,,Norovirus,,,archive_1993_2018
Norwegian Cruise Line,Norwegian Dream,4/13/2008-5/1/2008,,Norovirus and EnterotoxigenicE. coli (ETEC),,,archive_1993_2018
Holland America Line,Zaandam,3/19/2008-4/3/2008,,Norovirus,,,archive_1993_2018
Holland America Line,Ryndam,2/15/2008-2/25/2008,,Norovirus,,,archive_1993_2018
Carnival Cruise Line,Holiday,1/24/2008-1/28/2008,,Norovirus,,,archive_1993_2018
Norwegian Cruise Lines,Norwegian Star,1/19/2008-1/27/2008,,Norovirus,,,archive_1993_2018
Holland America Line,Noordam,1/5/2008-1/16/2008,,Norovirus,,,archive_1993_2018
Holland America Line,Volendam,1/2/2008-1/12/2008,,Norovirus,,,archive_1993_2018
Princess Cruises,Pacific Princess,12/15/2007-1/10/2008,,EnterotoxigenicE. coli(ETEC),,,archive_1993_2018
Princess Cruises,Emerald Princess,12/16/2007-12/26/2007,,Norovirus,,,archive_1993_2018
Norwegian Cruise Line,Norwegian Pearl,11/30/2007-12/9/2007,,Norovirus,,,archive_1993_2018
Holland America Line,Zaandam,11/5/2007-11/20/2007,,Norovirus,,,archive_1993_2018
Norwegian Cruise Line,Norwegian Dawn,10/14/2007-10/26/2007,,Norovirus,,,archive_1993_2018
Norwegian Cruise Line,Norwegian Crown,8/12/2007-8/19/2007,,Norovirus,,,archive_1993_2018
Carnival Cruise Line,Carnival Spirit,6/13/2007-6/20/2007,,Norovirus,,,archive_1993_2018
Royal Caribbean Cruise Line,Liberty of the Seas,5/26/2007-6/2/2007,,Norovirus,,,archive_1993_2018
Norwegian Cruise Line,Norwegian Star,5/19/2007-5/26/2007,,Norovirus,,,archive_1993_2018
Norwegian Cruise Line,Norwegian Pearl,4/13/2007-4/22/2007,,Specimens not obtained,,,archive_1993_2018
Holland America Line,Volendam,4/12/2007-4/22/2007,,Specimens not obtained,,,archive_1993_2018
Regent Seven Seas Cruises,Seven Seas Navigator,4/5/2007-4/16/2007,,Norovirus,,,archive_1993_2018
Celebrity Cruises,Zenith,4/2/2007-4/13/2007,,Norovirus,,,archive_1993_2018
Majestic America Line,Empress of the North,3/16/2007-3/21/2007,,Norovirus,,,archive_1993_2018
Princess Cruises,Regal Princess,3/13/2007-3/25/2007,,Unknown,,,archive_1993_2018
Holland America,Ryndam,3/3/2007-3/13/2007,,Norovirus,,,archive_1993_2018
Regent Seven Seas Cruises,Seven Seas Mariner,2/25/2007-3/9/2007,,"Shigella, Salmonella, Enterobacter,andEntameoba histolytica",,,archive_1993_2018
Holland America,Ryndam,2/21/2007-3/3/2007,,Norovirus,,,archive_1993_2018
Holland America Line,Westerdam,2/2/2007-2/11/2007,,Norovirus,,,archive_1993_2018
Cruise West,Spirit of Nantucket,1/27/2007-2/3/2007,,Unknown,,,archive_1993_2018
Princess Cruises,Island Princess,1/26/2007-2/10/2007,,Norovirus,,,archive_1993_2018
Holland America,Ryndam,1/22/2007-2/21/2007,,Norovirus,,,archive_1993_2018
Holland America Line,Volendam,1/22/2007-2/1/2007,,Specimens not obtained,,,archive_1993_2018
Cunard Line,Queen Elizabeth 2,1/8/2007-1/22/2007,,Norovirus,,,archive_1993_2018
Princess Cruises,Regal Princess,12/7/2006-12/27/2006,,Norovirus,,,archive_1993_2018
Royal Caribbean Cruise Line,Freedom of the Seas,12/3/2006-12/10/2006 (no sail recommendation),,Norovirus,,,archive_1993_2018
Princess Cruises,Sun Princess,11/30/2006-12/10/2006,,Norovirus,,,archive_1993_2018
Norwegian Cruise Line,Norwegian Wind,11/29/2006-12/9/2006,,Norovirus,,,archive_1993_2018
Holland America Line,Zaandam,11/26/2006-12/11/2006,,Norovirus,,,archive_1993_2018
Royal Caribbean Cruise Line,Freedom of the Seas,11/26/2006-12/3/2006,,Norovirus,,,archive_1993_2018
Royal Caribbean Cruise Line,Serenade of the Seas,11/18/2006-11/25/2006,,Norovirus,,,archive_1993_2018
Celebrity Cruises,Summit,11/11/2006-11/25/2006,,"Unknown, negative for norovirus",,,archive_1993_2018
Royal Caribbean Cruise Line,Adventure of the Seas,11/5/2006-11/12/2006,,Norovirus,,,archive_1993_2018
Carnival Cruise Line,Carnival Liberty,11/3/2006-11/19/2006,,Norovirus,,,archive_1993_2018
Royal Caribbean Cruise Line,Serenade of the Seas,10/29/2006-11/11/2006,,Norovirus,,,archive_1993_2018
Celebrity Cruises,Constellation,10/27/2006-11/7/2006,,Norovirus,,,archive_1993_2018
Princess Cruises,Island Princess,10/21/2006-11/5/2006,,Norovirus,,,archive_1993_2018
Celebrity Cruises,Constellation,10/16/2006-10/27/2006,,Norovirus,,,archive_1993_2018
Princess Cruises,Diamond Princess,9/2/2006-9/9/2006,,Norovirus,,,archive_1993_2018
Royal Caribbean Cruise Line,Radiance of the Seas,9/2/2006-9/9/2006,,"Unknown, negative for norovirus",,,archive_1993_2018
Royal Caribbean Cruise Line,Mariner of the Seas,7/23/2006-7/30/2006,,Norovirus,,,archive_1993_2018
Celebrity Cruises,Infinity,7/9/2006-7/16/2006,,Norovirus,,,archive_1993_2018
Celebrity Cruises,Mercury,6/2/2006-6/9/2006,,Norovirus,,,archive_1993_2018
Holland America Line,Ryndam,5/28/2006-6/4/2006,,Norovirus,,,archive_1993_2018
Holland America Line,Ryndam,5/14/2006-5/21/2006,,Norovirus,,,archive_1993_2018
Norwegian Cruise Line,Norwegian Star,5/14/2006-5/21/2006,,Norovirus,,,archive_1993_2018
Norwegian Cruise Line,Norwegian Sun,5/13/2006-5/20/2006,,Norovirus,,,archive_1993_2018
Royal Caribbean Cruise Line,Explorer of the Seas,4/23/2006-4/30/2006,,Norovirus,,,archive_1993_2018
Holland America Line,Veendam,4/22-5/9/2006,,Norovirus,,,archive_1993_2018
Holland America Line,Amsterdam,3/22/2006-4/6/2006,,Norovirus,,,archive_1993_2018
Celebrity Cruises,Mercury,3/17/2006-3/27/2006,,Norovirus,,,archive_1993_2018
Princess Cruises,Island Princess,3/7/2006-3/22/2006,,Norovirus,,,archive_1993_2018
Holland America Line,Amsterdam,3/7/2006-3/22/2006,,Norovirus,,,archive_1993_2018
Celebrity Cruises,Mercury,3/6/2006-3/17/2006,,Norovirus,,,archive_1993_2018
Royal Caribbean Cruise Line,Grandeur of the Seas,3/6/2006-3/11/2006,,Norovirus,,,archive_1993_2018
Holland America Line,Volendam,3/3/2006-3/13/2006,,Norovirus,,,archive_1993_2018
Regent Seven Seas Cruises,Seven Seas Mariner,2/28/2006-3/13/2006,,Unknown,,,archive_1993_2018
Royal Caribbean Cruise Line,Explorer of the Seas,2/26/2006-3/5/2006,,Norovirus,,,archive_1993_2018
Cunard Line,Queen Mary 2,2/8/2006-2/22/2006,,EnterotoxigenicE. coli(ETEC),,,archive_1993_2018
P & O Cruises,Minerva II,1/12/2006-1/26/2006,,Unknown,,,archive_1993_2018
Holland America Line,Zuiderdam,12/30/2005-1/7/2006,,Norovirus,,,archive_1993_2018
Royal Caribbean Cruise Line,Splendour of the Seas,11/12/2005-11/26/2005,,Norovirus,,,archive_1993_2018
Princess Cruises,Sun Princess,5/9/2005-5/16/2005,,Norovirus,,,archive_1993_2018
Princess Cruises,Dawn Princess,4/29/2005-5/14/2005,,Norovirus,,,archive_1993_2018
Celebrity Cruises,Horizon,4/23/2005-4/30/2005,,Unknown,,,archive_1993_2018
Crystal Cruises,Crystal Symphony,4/14/2005-4/25/2005,,Unknown,,,archive_1993_2018
Norwegian Cruise Line,Norwegian Crown,3/13/2005-3/28/2005,,Unknown,,,archive_1993_2018
Princess Cruises,Royal Princess,3/7/2005-3/24/2005,,Unknown,,,archive_1993_2018
Holland America Line,Veendam,3/5/2005-3/12/2005,,Norovirus,,,archive_1993_2018
Celebrity Cruises,Zenith,2/27/2005-3/13/2005,,Norovirus,,,archive_1993_2018
Carnival Cruise Line,Celebration,2/21/2005-2/26/2005,,Norovirus,,,archive_1993_2018
Carnival Cruise Line,Celebration,2/17/2005-2/21/2005,,Norovirus,,,archive_1993_2018
Regent Seven Seas Cruises,Seven Seas Mariner,2/12/2005-2/24/2005,,Salmonella,,,archive_1993_2018
Royal Caribbean Cruise Line,Empress of the Seas,1/17/2005-1/28/2005,,Norovirus,,,archive_1993_2018
Royal Caribbean Cruise Line,Mariner of the Seas,1/16/2005-1/23/2005,,Norovirus,,,archive_1993_2018
Holland America Line,Veendam,1/15/2005-1/29/2005,,Norovirus,,,archive_1993_2018
Holland America Line,Ryndam,1/13/2005-1/29/2005,,Norovirus,,,archive_1993_2018
Princess Cruises,Sun Princess,1/8/2005-1/18/2005,,Norovirus,,,archive_1993_2018
Holland America Line,Veendam,1/3/2005-1/15/2005,,Norovirus,,,archive_1993_2018
Royal Caribbean Cruise Line,Enchantment of the Seas,1/3/2005-1/8/2005,,Norovirus,,,archive_1993_2018
Princess Cruises,Coral Princess,12/28/2004-1/07/2005,,Norovirus,,,archive_1993_2018
Princess Cruises,Golden Princess,12/12/2004-12/19/2004,,Norovirus,,,archive_1993_2018
Norwegian Cruise Line,Norwegian Dream,12/5/2004-12/12/2004,,Norovirus,,,archive_1993_2018
SilverSea Cruise Line,Silver Shadow,12/4/2004-12/14/2004,,Specimens not obtained,,,archive_1993_2018
Institute for Shipboard Education,M/V Explorer,6/19/2004-12/8/2004,,Unknown,,,archive_1993_2018
Holland America Line,Veendam,9/26/2004-10/14/2004,,Unknown,,,archive_1993_2018
Princess Cruises,Regal Princess,9/11/2004-9/20/2004,,Unknown,,,archive_1993_2018
Princess Cruises,Sun Princess,9/13/2004-9/20/2004,,Unknown,,,archive_1993_2018
Princess Cruises,Sun Princess,9/6/2004-9/13/2004,,Norovirus,,,archive_1993_2018
Clipper Cruise Line,Nantucket Clipper,9/3/2004-8/11/2004,,Specimens not obtained,,,archive_1993_2018
SilverSeas Cruise Line,Silver Shadow,7/26/2004-8/6/2004,,Unknown,,,archive_1993_2018
Princess Cruises,Pacific Princess,7/25/2004-8/17/2004,,Unknown,,,archive_1993_2018
Royal Caribbean Cruise Line,Serenade of the Seas,6/6/2004-6/13/2004,,Unknown,,,archive_1993_2018
Princess Cruises,Island Princess,6/5/2004-6/12/2004,,Unknown,,,archive_1993_2018
Princess Cruises,Island Princess,5/29/2004-6/5/2004,,Norovirus,,,archive_1993_2018
Norwegian Cruise Line,Norwegian Crown,5/2/2004-5/9/2004,,Norovirus,,,archive_1993_2018
Norwegian Cruise Line,Norwegian Crown,4/17/2004-5/2/2004,,Norovirus,,,archive_1993_2018
Holland America Line,Veendam,4/17/2004-5/2/2004,,Norovirus,,,archive_1993_2018
Norwegian Cruise Line,Norwegian Wind,4/17/2004-5/2/2004,,Specimens not obtained,,,archive_1993_2018
Holland America Line,Rotterdam,4/2/2004-4/15/2004,,Unknown,,,archive_1993_2018
Holland America Line,Amsterdam,3/31/2004-4/17/2004,,EnterotoxigenicE. coli(ETEC),,,archive_1993_2018
Celebrity Cruises,Zenith,3/28/2004-4/11/2004,,Norovirus,,,archive_1993_2018
Celebrity Cruises,Horizon,3/22/2004-4/2/2004,,Norovirus,,,archive_1993_2018
Norwegian Cruise Line,Norwegian Crown,3/22/2004-4/4/2004,,Norovirus,,,archive_1993_2018
Princess Cruises,Royal Princess,3/8/2004-3/25/2004,,"Unknown, negative for norovirus",,,archive_1993_2018
Norwegian Cruise Line,Norwegian Crown,3/7/2004-3/22/2004,,"Unknown, negative for norovirus",,,archive_1993_2018
Cunard Line,Queen Mary 2,2/23/2004-3/6/2004,,Norovirus,,,archive_1993_2018
Royal Caribbean Cruise Line,Brilliance of the Seas,2/16/2004-2/27/2004,,Norovirus,,,archive_1993_2018
Cunard Line,Queen Elizabeth 2,2/17/2004-3/1/2004,,Unknown,,,archive_1993_2018
ResidenSea Cruise Line,The World,2/3/2004-2/24/2004,,Specimens not obtained,,,archive_1993_2018
P & O Cruises,Oriana,2/20/2004-3/5/2004,,Norovirus,,,archive_1993_2018
Carnival Cruise Line,Carnival Celebration,2/9/2004-2/14/2004,,Norovirus,,,archive_1993_2018
Holland America Line,Ryndam,2/7/2004-2/14/2004,,Norovirus,,,archive_1993_2018
Princess Cruises,Coral Princess,1/12/2004-1/22/2004,,Norovirus,,,archive_1993_2018
Cunard Line,Queen Elizabeth 2,1/5/2004-1/19/2004,,Specimens not obtained,,,archive_1993_2018
Windjammer Barefoot Cruises,Legacy,1/4/2004-1/10/2004,,Specimens not obtained,,,archive_1993_2018
Windjammer Barefoot Cruises,Legacy,12/27/2003-1/3/2004,,Specimens not obtained,,,archive_1993_2018
Holland America Line,Volendam,12/21/2003-12/28/2003,,Norovirus,,,archive_1993_2018
Carnival Cruise Line,Carnival Legend,11/21/2003-11/29/2003,,Norovirus,,,archive_1993_2018
Carnival Cruise Line,Carnival Legend,11/13/2003-11/21/2003,,Norovirus,,,archive_1993_2018
Carnival Cruise Line,Carnival Holiday,10/16/2003-10/20/2003,,Norovirus,,,archive_1993_2018
Carnival Cruise Line,Carnival Holiday,10/11/2003-10/16/2003,,Norovirus,,,archive_1993_2018
Clipper Cruise Line,Nantucket Clipper,10/4/2003-10/11/2003,,Specimens not obtained,,,archive_1993_2018
Norwegian Cruise Line,Norwegian Star,9/21/2003-9/28/2003,,Specimens not obtained,,,archive_1993_2018
Clipper Cruise Line,Clipper Odyssey,8/15/2003-8/26/2003,,Specimens not obtained,,,archive_1993_2018
Princess Cruises,Regal Princess,8/18/2003-9/2/2003,,Norovirus,,,archive_1993_2018
Princess Cruises,Star Princess,8/2/2003-8/9/2003,,Norovirus,,,archive_1993_2018
Princess Cruises,Star Princess,7/26/2003-8/2/2003,,Norovirus,,,archive_1993_2018
Royal Caribbean Cruise Line,Rhapsody of the Seas,7/20/2003-7/27/2003,,Specimens not obtained,,,archive_1993_2018
Norwegian Cruise Line,Norwegian Sky,5/17/2003-5/24/2003,,Norovirus,,,archive_1993_2018
Princess Cruises,Royal Princess,4/5/2003-4/22/2003,,Specimens not obtained,,,archive_1993_2018
Norwegian Cruise Line,Norwegian Dream,3/16/2003-3/31/2003,,Norovirus,,,archive_1993_2018
Clipper Cruise Line,Nantucket Clipper,3/1/2003-3/6/2003,,Specimens not obtained,,,archive_1993_2018
Sun Cruises,Sun Dream,2/17/2003-2/24/2003,,Norovirus,,,archive_1993_2018
Princess Cruises,Sun Princess,1/25/2003-2/9/2003,,Norovirus,,,archive_1993_2018
Carnival Cruise Line,Carnival Spirit,1/27/2003-2/4/2003,,Norovirus,,,archive_1993_2018
Sun Cruises,Sun Dream,1/20/2003-2/3/2003,,Norovirus,,,archive_1993_2018
Royal Olympic Cruises,Olympia Voyager,1/15/2003-2/3/2003,,Unknown,,,archive_1993_2018
Regal Cruise Line,Regal Empress,1/11/2003-1/18/2003,,Unknown,,,archive_1993_2018
Classic Cruises of Newport,Arabella,1/11/2003-1/18/2003,,Specimens not obtained,,,archive_1993_2018
Cunard Line,Queen Elizabeth 2,1/5/2003-1/18/2003,,Norovirus,,,archive_1993_2018
Clipper Cruise Line,Nantucket Clipper,12/28/2002-1/4/2003,,Specimens not obtained,,,archive_1993_2018
Norwegian Cruise Line,Norway,12/28/2002-1/4/2003,,Specimens not obtained,,,archive_1993_2018
Carnival Cruise Line,Carnival Conquest,12/8/2002-12/15/2002,,Norovirus,,,archive_1993_2018
P & O Cruises,Oceana,11/29/2002-12/12/2002,,Norovirus,,,archive_1993_2018
Radisson Seven Seas Cruises,Seven Seas Mariner,11/23/2002-12/2/2002,,Salmonella,,,archive_1993_2018
Celebrity Cruises,Constellation,10/25/2002-11/8/2002,,Norovirus,,,archive_1993_2018
Carnival Cruises,Fascination,11/30/2002-12/2/2002,,Norovirus,,,archive_1993_2018
Disney Cruise Line,Disney Magic,11/11/2002-11/21/2002,,Norovirus,,,archive_1993_2018
Seabourn Cruise Line,Seabourn Pride,10/28/2002-11/10/2002,,Specimens not obtained,,,archive_1993_2018
Holland America Line,Amsterdam,11/11/2002-11/21/2002,,Norovirus,,,archive_1993_2018
Holland America Line,Amsterdam,10/1/2002-10/22/2002,,Norovirus,,,archive_1993_2018
Clipper Cruises,Nantucket Clipper,10/19/2002-10/29/2002,,Sappovirus,,,archive_1993_2018
Norwegian Cruise Line,Norwegian Sun,9/28/2002-10/5/2002,,Norovirus,,,archive_1993_2018
Norwegian Cruise Line,Norwegian Dream,9/10/2002-9/25/2002,,"Shigella, Giardia",,,archive_1993_2018
Norwegian Cruise Line,Norwegian Sun,8/3/2002-8/10/2002,,Specimens not obtained,,,archive_1993_2018
Clipper Cruise Line,Yorktown Clipper,7/27/2002-8/3/2002,,Specimens not obtained,,,archive_1993_2018
Holland America Line,Ryndam,7/25/2002-8/1/2002,,Norovirus,,,archive_1993_2018
Princess Cruises,Ocean Princess,5/25/2002-6/1/2002,,Norovirus,,,archive_1993_2018
Holland America Line,Ryndam,4/7/2002-4/24/2002,,Norovirus,,,archive_1993_2018
Holland America Line,Amsterdam,1/4/2002-4/28/2002,,Specimens not obtained,,,archive_1993_2018
Cunard Line,Caronia,3/24/2002-4/5/2002,,EnterotoxigenicE. coli(ETEC) /Shigella,,,archive_1993_2018
Clipper Cruise Line,Nantucket Clipper,3/23/2002-3/30/2002,,Norovirus,,,archive_1993_2018
Carnival Cruise Line,Carnival Pride,March 2002,,Norovirus,,,archive_1993_2018
Clipper Cruise Line,Nantucket Clipper,September 2001,,Norovirus,,,archive_1993_2018
Delta Queen Steamboat Company,Mississippi,August 2001,,Norovirus,,,archive_1993_2018
Cunard Line,Coronia,3/11/2001-3/29/2001,,Norovirus,,,archive_1993_2018
P & O Cruises,Oriana,2/20/2001-3/14/2001,,Specimens not obtained,,,archive_1993_2018
Disney Cruise Line,Disney Magic,6/2/2000-6/5/2000,,Salmonella,,,archive_1993_2018
Cruise West,Spirit of Glacier Bay,5/28/2000-6/1/2000,,Norovirus,,,archive_1993_2018
Palm Beach Casino Line,Palm Beach Princess,5/18/2000-6/1/2000,,Specimens not obtained,,,archive_1993_2018
Clipper Cruise Line,Nantucket Clipper,2/5/2000-2/12/2000,,Norovirus,,,archive_1993_2018
Clipper Cruise Line,Nantucket Clipper,1/22/2000-1/29/2000,,Norovirus,,,archive_1993_2018
Clipper Cruise Line,Nantucket Clipper,1/15/2000-1/22/2000,,Norovirus,,,archive_1993_2018
Clipper Cruise Line,Nantucket Clipper,1/30/1999-2/6/1999,,Norovirus,,,archive_1993_2018
Clipper Cruise Line,Nantucket Clipper,1/23/1999-1/30/1999,,Norovirus,,,archive_1993_2018
Clipper Cruise Line,Nantucket Clipper,1/16/1999-1/23/1999,,Norovirus,,,archive_1993_2018
Clipper Cruise Line,Nantucket Clipper,1/9/1999-1/16/1999,,Norovirus,,,archive_1993_2018
Clipper Cruise Line,Nantucket Clipper,1/2/1998-1/9/1999,,Norovirus,,,archive_1993_2018
Royal Caribbean Cruise Line,Vision of the Seas,11/28/1998-12/7/1998,,Specimens not obtained,,,archive_1993_2018
Norwegian Cruise Line,Norway,10/10/1998-10/24/1998,,Norovirus,,,archive_1993_2018
Princess Cruises,Regal Princess,6/21/1998-6/28/1998,,Norovirus,,,archive_1993_2018
Princess Cruises,Regal Princess,6/14/1998-6/21/1998,,Norovirus,,,archive_1993_2018
Princess Cruises,Regal Princess,6/7/1998-6/14/1998,,Norovirus,,,archive_1993_2018
Imperial Majesty Cruises (investigation at request of cruise line outside the U.S.),Ocean Breeze,5/17/1998-5/24/1998,,EnterotoxigenicE. coli(ETEC),,,archive_1993_2018
Holland America Line,Statendam,3/29/1998-4/8/1998,,Specimens not obtained,,,archive_1993_2018
Royal Caribbean Cruise Line,Legend of the Seas,2/28/1998-3/11/1998,,Norovirus,,,archive_1993_2018
Regal Cruises,Regal Empress,12/17/1997-12/21/1997,,EnterotoxigenicE. coli(ETEC),,,archive_1993_2018
Celebrity Cruises,Zenith,12/5/1997-12/15/1997,,Specimens not obtained,,,archive_1993_2018
Clipper Cruise Line,Nantucket Clipper,10/23/1997-10/30/1997,,Norovirus,,,archive_1993_2018
Princess Cruises,Royal Princess,4/15/1997-4/19/1997,,EnterotoxigenicE. coli(ETEC),,,archive_1993_2018
Holland America Line,Noordam,3/29/1997-4/5/1997,,Cyclospora,,,archive_1993_2018
Royal Cruise Line,Royal Odyssey,3/25/1997-4/4/1997 (no sail recommendation),,Norovirus,,,archive_1993_2018
Royal Cruise Line,Royal Odyssey,3/4/1997-3/14/1997,,Norovirus,,,archive_1993_2018
Princess Cruises,Regal Princess,2/13/1997-2/28/1997,,Specimens not obtained,,,archive_1993_2018
Clipper Cruise Line,Nantucket Clipper,2/8/1997-2/15/1997,,Norovirus,,,archive_1993_2018
Carnival Cruise Line,Jubilee,6/16/1996-6/23/1996,,Norovirus,,,archive_1993_2018
Holland America Line,Noordam,4/27/1996-5/11/1996,,Norovirus,,,archive_1993_2018
Princess Cruises,Royal Princess,3/15/1996-3/26/1996,,EnterotoxigenicE. coli(ETEC),,,archive_1993_2018
Celebrity Cruises,Horizon,7/15/1995-7/22/1995,,Salmonella,,,archive_1993_2018
Carnival Cruise Line,Fantasy,4/30/1995-5/4/1995,,Shigella sonnei,,,archive_1993_2018
Orient Line,Crown Odyssey,1/12/1995-1/26/1995,,EnterotoxigenicE. coli(ETEC),,,archive_1993_2018
Royal Caribbean Cruise Line,Viking Serenade,8/29/1994-9/1/1994,,Shigella flexneri,,,archive_1993_2018
Celebrity Cruises,Horizon,6/26/1994-7/2/1994,,Legionella,,,archive_1993_2018
Premier Cruise Line,StarShip Oceanic,6/13/1994-6/17/1994,,Norovirus,,,archive_1993_2018
Regency Cruises,Regent Rainbow,3/18/1994-4/1/1994,,Viral gastroenteritis,,,archive_1993_2018
American Family,American Adventure,12/26/1993-2/2/1994,,Shigella flexneri,,,archive_1993_2018
